{"cameraMode":{"drawMode":0,"name":"Shaded","section":"Shading Mode"},"sceneLighting":true,"audioPlay":false,"sceneViewState":{"m_AlwaysRefresh":false,"showFog":true,"showSkybox":false,"showFlares":true,"showImageEffects":true,"showParticleSystems":true,"showVisualEffectGraphs":true,"m_FxEnabled":true},"in2DMode":false,"pivot":{"x":0.06214785575866699,"y":0.4749628007411957,"z":0.7513065338134766},"rotation":{"x":0.04645230621099472,"y":0.7335473299026489,"z":-0.05014806240797043,"w":0.6764473915100098},"size":1.2298285961151124,"orthographic":false}