{"cameraMode":{"drawMode":0,"name":"Shaded","section":"Shading Mode"},"sceneLighting":true,"audioPlay":false,"sceneViewState":{"m_AlwaysRefresh":false,"showFog":true,"showSkybox":false,"showFlares":true,"showImageEffects":true,"showParticleSystems":true,"showVisualEffectGraphs":true,"m_FxEnabled":true},"in2DMode":false,"pivot":{"x":0.5238749384880066,"y":0.12812049686908723,"z":0.9946920275688171},"rotation":{"x":0.06240719556808472,"y":0.8734437227249146,"z":-0.11590466648340225,"w":0.4691620469093323},"size":1.1257829666137696,"orthographic":false}