{"cameraMode":{"drawMode":0,"name":"Shaded","section":"Shading Mode"},"sceneLighting":false,"audioPlay":false,"sceneViewState":{"m_AlwaysRefresh":false,"showFog":true,"showSkybox":false,"showFlares":true,"showImageEffects":true,"showParticleSystems":true,"showVisualEffectGraphs":true,"m_FxEnabled":true},"in2DMode":false,"pivot":{"x":-43.78621292114258,"y":-338.72540283203127,"z":24.839008331298829},"rotation":{"x":0.2226349264383316,"y":0.23704934120178224,"z":-0.05596094951033592,"w":0.9441007971763611},"size":1.0171005725860596,"orthographic":false}