{"cameraMode":{"drawMode":0,"name":"Shaded","section":"Shading Mode"},"sceneLighting":false,"audioPlay":false,"sceneViewState":{"m_AlwaysRefresh":false,"showFog":true,"showSkybox":false,"showFlares":true,"showImageEffects":true,"showParticleSystems":true,"showVisualEffectGraphs":true,"m_FxEnabled":true},"in2DMode":false,"pivot":{"x":-0.26255011558532717,"y":0.6482918858528137,"z":-0.23594361543655396},"rotation":{"x":0.1370602250099182,"y":-0.5192397832870483,"z":0.08508399873971939,"w":0.839499831199646},"size":0.8660253882408142,"orthographic":false}